timestamp,play_count
2025-08-05 16:51:38 IST,8200200
2025-08-05 16:51:38 IST,8200200
2025-08-05 17:05:20 IST,8200612
2025-08-05 17:05:21 IST,8200612
2025-08-05 17:20:22 IST,8200971
2025-08-05 17:20:21 IST,8200971
2025-08-05 18:33:15 IST,8202873
2025-08-05 18:33:15 IST,8202873
2025-08-05 18:48:16 IST,8203233
2025-08-05 18:48:16 IST,8203233
2025-08-05 19:00:52 IST,8203577
2025-08-05 19:03:18 IST,8203577
2025-08-05 19:04:48 IST,8203715
2025-08-05 19:05:18 IST,8203715
2025-08-05 19:07:40 IST,8203715
2025-08-05 19:07:59 IST,8203715
2025-08-05 19:09:26 IST,8203830
2025-08-05 19:11:13 IST,8203830
2025-08-05 19:13:18 IST,8203830
2025-08-05 19:18:20 IST,8203952
2025-08-05 19:28:20 IST,8204177
2025-08-05 19:33:23 IST,8204277
2025-08-05 19:43:21 IST,8204522
2025-08-05 19:48:26 IST,8204646
2025-08-05 19:58:23 IST,8204890
2025-08-05 20:57:32 IST,8206245
2025-08-05 20:57:36 IST,8206245
2025-08-05 21:12:34 IST,8206539
2025-08-05 21:12:37 IST,8206539
2025-08-05 21:27:35 IST,8206836
2025-08-05 21:27:39 IST,8206836
2025-08-05 22:41:27 IST,8208179
2025-08-05 22:41:31 IST,8208179
2025-08-05 22:56:29 IST,8208434
2025-08-05 22:56:32 IST,8208434
2025-08-05 23:08:15 IST,8208581
2025-08-05 23:11:35 IST,8208687
2025-08-05 23:53:48 IST,8209233
2025-08-05 23:54:32 IST,8209233
2025-08-06 00:08:49 IST,8209383
2025-08-06 00:09:33 IST,8209383
2025-08-06 00:23:51 IST,8209539
2025-08-06 00:24:34 IST,8209539
2025-08-06 00:38:52 IST,8209670
2025-08-06 00:39:36 IST,8209670
2025-08-06 00:53:55 IST,8209857
2025-08-06 00:54:37 IST,8209857
2025-08-06 01:08:56 IST,8209981
2025-08-06 01:09:39 IST,8209981
2025-08-06 05:27:22 IST,8211072
2025-08-06 05:27:39 IST,8211072
2025-08-06 05:41:57 IST,8211138
2025-08-06 05:41:58 IST,8211138
2025-08-06 05:56:58 IST,8211244
2025-08-06 05:56:59 IST,8211244
2025-08-06 06:12:00 IST,8211369
2025-08-06 06:12:00 IST,8211369
2025-08-06 06:36:25 IST,8211570
2025-08-06 06:36:25 IST,8211570
2025-08-06 06:51:26 IST,8211762
2025-08-06 06:51:26 IST,8211762
2025-08-06 07:06:28 IST,8212054
2025-08-06 07:06:27 IST,8212054
2025-08-06 07:21:30 IST,8212335
2025-08-06 07:21:30 IST,8212335
2025-08-06 09:11:51 IST,8215255
2025-08-06 09:11:51 IST,8215255
2025-08-06 10:21:02 IST,8217407
2025-08-06 10:21:02 IST,8217407
2025-08-06 10:36:03 IST,8217759
2025-08-06 10:36:04 IST,8217759
2025-08-06 12:14:01 IST,8219970
2025-08-06 12:14:01 IST,8219970
2025-08-06 12:40:15 IST,8220609
2025-08-06 12:40:15 IST,8220609
2025-08-06 17:12:48 IST,8225986
2025-08-06 17:12:48 IST,8225986
2025-08-06 17:27:49 IST,8226435
2025-08-06 17:27:49 IST,8226435
2025-08-06 19:14:10 IST,8229525
2025-08-06 19:14:11 IST,8229525
2025-08-06 19:18:39 IST,8229688
2025-08-06 19:19:15 IST,8229688
2025-08-06 19:20:29 IST,8229826
2025-08-06 19:21:25 IST,8229826
2025-08-06 19:21:41 IST,8229826
2025-08-06 19:23:35 IST,8229826
2025-08-06 19:24:04 IST,8229826
2025-08-06 19:24:05 IST,8229826
2025-08-06 19:25:02 IST,8229975
2025-08-06 19:25:21 IST,8229975
2025-08-06 19:25:39 IST,8229975
2025-08-06 19:39:05 IST,8230256
2025-08-06 19:40:41 IST,8230383
2025-08-06 20:24:54 IST,8231403
2025-08-06 20:25:29 IST,8231532
2025-08-06 20:39:56 IST,8231748
2025-08-06 20:40:31 IST,8231870
2025-08-06 20:55:10 IST,8232095
2025-08-06 20:55:42 IST,8232205
2025-08-06 21:10:12 IST,8232406
2025-08-06 21:10:44 IST,8232515
2025-08-06 21:25:16 IST,8232724
2025-08-06 21:25:46 IST,8232833
2025-08-06 21:40:19 IST,8233051
2025-08-06 21:40:47 IST,8233051
2025-08-06 21:55:21 IST,8233371
2025-08-06 21:55:49 IST,8233371
2025-08-06 22:10:24 IST,8233685
2025-08-06 22:10:50 IST,8233685
2025-08-06 22:17:05 IST,8233860
2025-08-06 22:17:07 IST,8233860
2025-08-06 22:32:06 IST,8234125
2025-08-06 22:32:08 IST,8234125
2025-08-06 22:47:08 IST,8234357
2025-08-06 22:47:09 IST,8234357
2025-08-06 23:02:10 IST,8234630
2025-08-06 23:02:10 IST,8234630
2025-08-06 23:17:11 IST,8234901
2025-08-06 23:17:12 IST,8234901
2025-08-07 01:22:33 IST,8236378
2025-08-07 01:22:32 IST,8236378
2025-08-07 04:20:30 IST,8237322
2025-08-07 04:20:46 IST,8237322
2025-08-07 04:30:54 IST,8237362
2025-08-07 04:30:54 IST,8237362
2025-08-07 04:45:55 IST,8237428
2025-08-07 04:45:55 IST,8237428
2025-08-07 05:00:56 IST,8237488
2025-08-07 05:00:56 IST,8237488
2025-08-07 05:15:57 IST,8237536
2025-08-07 05:15:57 IST,8237536
2025-08-07 06:04:47 IST,8237918
2025-08-07 06:04:47 IST,8237918
2025-08-07 08:54:37 IST,8241639
2025-08-07 08:54:39 IST,8241639
2025-08-07 09:09:41 IST,8242170
2025-08-07 09:09:40 IST,8242170
2025-08-07 09:24:43 IST,8242681
2025-08-07 09:24:43 IST,8242681
2025-08-07 09:39:44 IST,8243147
2025-08-07 09:39:44 IST,8243147
2025-08-07 09:54:49 IST,8243631
2025-08-07 09:54:49 IST,8243631
2025-08-07 10:09:52 IST,8244140
2025-08-07 10:09:51 IST,8244140
2025-08-07 10:25:01 IST,8244585
2025-08-07 10:25:00 IST,8244585
2025-08-07 10:40:02 IST,8245010
2025-08-07 10:40:02 IST,8245010
2025-08-07 10:55:04 IST,8245588
2025-08-07 10:55:03 IST,8245588
2025-08-07 12:37:20 IST,8248065
2025-08-07 12:37:21 IST,8248065
2025-08-07 12:52:22 IST,8248377
2025-08-07 12:52:23 IST,8248377
2025-08-07 13:07:24 IST,8248693
2025-08-07 13:07:25 IST,8248693
2025-08-07 13:22:27 IST,8249028
2025-08-07 13:22:28 IST,8249028
2025-08-07 13:37:36 IST,8249332
2025-08-07 13:37:37 IST,8249332
2025-08-07 13:52:38 IST,8249600
2025-08-07 13:52:39 IST,8249600
2025-08-07 14:07:39 IST,8249892
2025-08-07 14:07:40 IST,8249892
2025-08-07 14:20:02 IST,8250188
2025-08-07 14:20:03 IST,8250188
2025-08-07 17:43:32 IST,8255291
2025-08-07 17:43:34 IST,8255291
2025-08-07 17:58:33 IST,8255790
2025-08-07 17:58:35 IST,8255790
2025-08-07 18:13:35 IST,8256283
2025-08-07 18:13:37 IST,8256283
2025-08-07 18:28:38 IST,8256790
2025-08-07 18:28:39 IST,8256790
2025-08-07 18:43:41 IST,8257139
2025-08-07 18:43:44 IST,8257139
2025-08-07 18:58:46 IST,8257781
2025-08-07 18:58:44 IST,8257781
2025-08-07 19:31:31 IST,8258631
2025-08-07 19:31:31 IST,8258631
2025-08-07 19:46:33 IST,8259015
2025-08-07 19:46:33 IST,8259015
2025-08-07 20:01:35 IST,8259396
2025-08-07 20:01:36 IST,8259396
2025-08-07 20:16:37 IST,8259781
2025-08-07 20:16:37 IST,8259781
2025-08-07 20:31:39 IST,8260123
2025-08-07 20:31:39 IST,8260123
2025-08-07 20:46:40 IST,8260460
2025-08-07 20:46:41 IST,8260460
2025-08-07 21:01:42 IST,8260791
2025-08-07 21:01:42 IST,8260791
2025-08-07 21:16:44 IST,8261141
2025-08-07 21:16:44 IST,8261141
2025-08-07 21:31:45 IST,8261425
2025-08-07 21:31:45 IST,8261425
2025-08-07 22:00:22 IST,8262018
2025-08-07 22:00:22 IST,8262018
2025-08-07 22:15:33 IST,8262323
2025-08-07 22:15:32 IST,8262323
2025-08-07 22:30:36 IST,8262600
2025-08-07 22:30:35 IST,8262600
2025-08-07 23:46:58 IST,8263813
2025-08-07 23:47:01 IST,8263813
2025-08-08 01:35:33 IST,8264897
2025-08-08 01:35:37 IST,8264897
2025-08-08 01:50:34 IST,8265014
2025-08-08 01:50:38 IST,8265014
2025-08-08 02:05:36 IST,8265073
2025-08-08 02:05:39 IST,8265073
2025-08-08 02:20:37 IST,8265151
2025-08-08 02:20:41 IST,8265151
2025-08-08 09:57:57 IST,8271404
2025-08-08 09:58:01 IST,8271404
2025-08-08 12:00:19 IST,8274670
2025-08-08 12:00:20 IST,8274670
2025-08-08 12:05:42 IST,8274809
2025-08-08 12:05:44 IST,8274809
2025-08-08 12:20:44 IST,8275314
2025-08-08 12:20:45 IST,8275314
2025-08-08 12:35:46 IST,8275708
2025-08-08 12:35:46 IST,8275708
2025-08-08 12:50:47 IST,8276083
2025-08-08 12:50:47 IST,8276083
2025-08-08 13:05:48 IST,8276426
2025-08-08 13:05:49 IST,8276426
