timestamp,play_count
2025-08-04 23:34:03 IST,136162
2025-08-04 23:34:04 IST,136162
2025-08-04 23:35:22 IST,136162
2025-08-04 23:37:47 IST,136411
2025-08-04 23:37:48 IST,136411
2025-08-04 23:38:39 IST,136411
2025-08-04 23:39:05 IST,136411
2025-08-04 23:39:06 IST,136411
2025-08-04 23:41:14 IST,136411
2025-08-04 23:42:24 IST,136663
2025-08-04 23:42:55 IST,136663
2025-08-04 23:43:04 IST,136663
2025-08-05 01:31:05 IST,140442
2025-08-05 01:31:06 IST,140442
2025-08-05 01:46:07 IST,140803
2025-08-05 01:46:06 IST,140803
2025-08-05 02:01:09 IST,141117
2025-08-05 02:01:09 IST,141117
2025-08-05 02:29:24 IST,141629
2025-08-05 02:29:29 IST,141629
2025-08-05 06:36:26 IST,145754
2025-08-05 06:36:41 IST,145754
2025-08-05 06:51:29 IST,146359
2025-08-05 06:51:42 IST,146359
2025-08-05 10:29:08 IST,166223
2025-08-05 10:29:22 IST,166223
2025-08-05 13:03:44 IST,177370
2025-08-05 13:03:45 IST,177370
2025-08-05 13:18:47 IST,178336
2025-08-05 13:18:46 IST,178336
2025-08-05 13:33:50 IST,179241
2025-08-05 13:33:50 IST,179241
2025-08-05 13:48:51 IST,180071
2025-08-05 13:48:51 IST,180071
2025-08-05 14:03:52 IST,180920
2025-08-05 14:03:52 IST,180920
2025-08-05 14:18:53 IST,181795
2025-08-05 14:18:53 IST,181795
2025-08-05 14:33:54 IST,182680
2025-08-05 14:33:55 IST,182680
2025-08-05 14:48:55 IST,183627
2025-08-05 14:48:56 IST,183627
2025-08-05 15:03:57 IST,184508
2025-08-05 15:03:58 IST,184508
2025-08-05 15:18:58 IST,185440
2025-08-05 15:18:59 IST,185440
2025-08-05 15:33:59 IST,186447
2025-08-05 15:34:00 IST,186447
2025-08-05 16:04:20 IST,188443
2025-08-05 16:04:21 IST,188443
2025-08-05 16:19:21 IST,189477
2025-08-05 16:19:23 IST,189477
2025-08-05 16:26:19 IST,189841
2025-08-05 16:26:20 IST,189841
2025-08-05 16:27:45 IST,189841
2025-08-05 16:28:43 IST,190217
2025-08-05 16:41:20 IST,190982
2025-08-05 16:42:33 IST,190982
2025-08-05 16:42:34 IST,190982
2025-08-05 16:51:38 IST,191780
2025-08-05 16:51:38 IST,191780
2025-08-05 17:05:20 IST,193014
2025-08-05 17:05:21 IST,193014
2025-08-05 17:20:21 IST,194337
2025-08-05 17:20:22 IST,194337
2025-08-05 18:33:15 IST,200903
2025-08-05 18:33:15 IST,200903
2025-08-05 18:48:16 IST,202404
2025-08-05 18:48:16 IST,202404
2025-08-05 19:00:52 IST,203785
2025-08-05 19:03:18 IST,203785
2025-08-05 19:04:48 IST,204240
2025-08-05 19:05:18 IST,204240
2025-08-05 19:07:40 IST,204240
2025-08-05 19:07:59 IST,204240
2025-08-05 19:09:26 IST,204727
2025-08-05 19:11:13 IST,204727
2025-08-05 19:13:18 IST,204727
2025-08-05 19:18:20 IST,205195
2025-08-05 19:28:20 IST,206154
2025-08-05 19:33:23 IST,206612
2025-08-05 19:43:21 IST,207578
2025-08-05 19:48:26 IST,208060
2025-08-05 19:58:23 IST,209025
2025-08-05 20:57:32 IST,214491
2025-08-05 20:57:36 IST,214491
2025-08-05 21:12:34 IST,215769
2025-08-05 21:12:37 IST,215769
2025-08-05 21:27:35 IST,217061
2025-08-05 21:27:39 IST,217061
2025-08-05 22:41:27 IST,222693
2025-08-05 22:41:31 IST,222693
2025-08-05 22:56:29 IST,223720
2025-08-05 22:56:32 IST,223720
2025-08-05 23:08:15 IST,224421
2025-08-05 23:11:35 IST,224770
2025-08-05 23:53:48 IST,227020
2025-08-05 23:54:32 IST,227245
2025-08-06 00:08:49 IST,227733
2025-08-06 00:09:33 IST,227945
2025-08-06 00:23:51 IST,228378
2025-08-06 00:24:34 IST,228584
2025-08-06 00:38:52 IST,229006
2025-08-06 00:39:36 IST,229006
2025-08-06 00:53:55 IST,229537
2025-08-06 00:54:37 IST,229537
2025-08-06 01:08:56 IST,230064
2025-08-06 01:09:39 IST,230064
2025-08-06 05:27:22 IST,235190
2025-08-06 05:27:39 IST,235190
2025-08-06 05:41:57 IST,235552
2025-08-06 05:41:58 IST,235552
2025-08-06 05:56:58 IST,236047
2025-08-06 05:56:59 IST,236047
2025-08-06 06:12:00 IST,236583
2025-08-06 06:12:00 IST,236583
2025-08-06 06:36:25 IST,237777
2025-08-06 06:36:25 IST,237777
2025-08-06 06:51:26 IST,238625
2025-08-06 06:51:26 IST,238625
2025-08-06 07:06:27 IST,239676
2025-08-06 07:06:28 IST,239676
2025-08-06 07:21:30 IST,240800
2025-08-06 07:21:30 IST,240800
2025-08-06 09:11:51 IST,253408
2025-08-06 09:11:51 IST,253408
2025-08-06 10:21:02 IST,262261
2025-08-06 10:21:02 IST,262261
2025-08-06 10:36:03 IST,263840
2025-08-06 10:36:04 IST,263840
2025-08-06 12:14:01 IST,273222
2025-08-06 12:14:01 IST,273222
2025-08-06 12:40:15 IST,275449
2025-08-06 12:40:15 IST,275449
2025-08-06 17:12:48 IST,298149
2025-08-06 17:12:48 IST,298149
2025-08-06 17:27:49 IST,299779
2025-08-06 17:27:49 IST,299779
2025-08-06 19:14:10 IST,313074
2025-08-06 19:14:11 IST,313074
2025-08-06 19:18:39 IST,313658
2025-08-06 19:19:15 IST,313658
2025-08-06 19:20:29 IST,313658
2025-08-06 19:21:25 IST,313658
2025-08-06 19:21:41 IST,313658
2025-08-06 19:23:35 IST,314245
2025-08-06 19:24:04 IST,314245
2025-08-06 19:24:05 IST,314245
2025-08-06 19:25:02 IST,314245
2025-08-06 19:25:21 IST,314245
2025-08-06 19:25:39 IST,314245
2025-08-06 19:39:05 IST,316036
2025-08-06 19:40:41 IST,316036
2025-08-06 20:24:54 IST,321026
2025-08-06 20:25:29 IST,321026
2025-08-06 20:39:56 IST,322528
2025-08-06 20:40:31 IST,322528
2025-08-06 20:55:10 IST,323965
2025-08-06 20:55:42 IST,323965
2025-08-06 21:10:12 IST,325343
2025-08-06 21:10:44 IST,325343
2025-08-06 21:25:16 IST,326733
2025-08-06 21:25:46 IST,326733
2025-08-06 21:40:19 IST,328146
2025-08-06 21:40:47 IST,328146
2025-08-06 21:55:21 IST,329502
2025-08-06 21:55:49 IST,329502
2025-08-06 22:10:24 IST,330822
2025-08-06 22:10:50 IST,330822
2025-08-06 22:17:05 IST,331242
2025-08-06 22:17:07 IST,331242
2025-08-06 22:32:06 IST,332437
2025-08-06 22:32:08 IST,332437
2025-08-06 22:47:08 IST,333603
2025-08-06 22:47:09 IST,333603
2025-08-06 23:02:10 IST,334675
2025-08-06 23:02:10 IST,334675
2025-08-06 23:17:11 IST,335737
2025-08-06 23:17:12 IST,335737
2025-08-07 01:22:33 IST,341347
2025-08-07 01:22:32 IST,341347
2025-08-07 04:20:30 IST,344541
2025-08-07 04:20:46 IST,344541
2025-08-07 04:30:54 IST,344684
2025-08-07 04:30:54 IST,344684
2025-08-07 04:45:55 IST,344881
2025-08-07 04:45:55 IST,344881
2025-08-07 05:00:56 IST,345110
2025-08-07 05:00:56 IST,345110
2025-08-07 05:15:57 IST,345359
2025-08-07 05:15:57 IST,345359
2025-08-07 06:04:47 IST,346794
2025-08-07 06:04:47 IST,346794
2025-08-07 08:54:37 IST,361740
2025-08-07 08:54:39 IST,361740
2025-08-07 09:09:41 IST,364472
2025-08-07 09:09:40 IST,364472
2025-08-07 09:24:43 IST,365833
2025-08-07 09:24:43 IST,365833
2025-08-07 09:39:44 IST,368500
2025-08-07 09:39:44 IST,368500
2025-08-07 09:54:49 IST,370416
2025-08-07 09:54:49 IST,370416
2025-08-07 10:09:52 IST,372347
2025-08-07 10:09:51 IST,372347
2025-08-07 10:25:01 IST,374004
2025-08-07 10:25:00 IST,374004
2025-08-07 10:40:02 IST,375673
2025-08-07 10:40:02 IST,375673
2025-08-07 10:55:03 IST,377357
2025-08-07 10:55:04 IST,377357
2025-08-07 12:37:20 IST,386398
2025-08-07 12:37:21 IST,386398
2025-08-07 12:52:22 IST,387632
2025-08-07 12:52:23 IST,387632
2025-08-07 13:07:24 IST,388907
2025-08-07 13:07:25 IST,388907
2025-08-07 13:22:27 IST,390136
2025-08-07 13:22:28 IST,390136
2025-08-07 13:37:36 IST,391326
2025-08-07 13:37:37 IST,391326
2025-08-07 13:52:38 IST,392538
2025-08-07 13:52:39 IST,392538
2025-08-07 14:07:39 IST,393727
2025-08-07 14:07:40 IST,393727
2025-08-07 14:20:02 IST,394511
2025-08-07 14:20:03 IST,394511
2025-08-07 17:43:32 IST,413690
2025-08-07 17:43:34 IST,413690
2025-08-07 17:58:33 IST,415343
2025-08-07 17:58:35 IST,415343
2025-08-07 18:13:35 IST,417125
2025-08-07 18:13:37 IST,417125
2025-08-07 18:28:38 IST,419016
2025-08-07 18:28:39 IST,419016
2025-08-07 18:43:41 IST,420879
2025-08-07 18:43:44 IST,420879
2025-08-07 18:58:44 IST,422561
2025-08-07 18:58:46 IST,422561
2025-08-07 19:31:31 IST,426287
2025-08-07 19:31:31 IST,426287
2025-08-07 19:46:33 IST,427828
2025-08-07 19:46:33 IST,427828
2025-08-07 20:01:35 IST,429212
2025-08-07 20:01:36 IST,429212
2025-08-07 20:16:37 IST,430573
2025-08-07 20:16:37 IST,430573
2025-08-07 20:31:39 IST,431988
2025-08-07 20:31:39 IST,431988
2025-08-07 20:46:40 IST,433392
2025-08-07 20:46:41 IST,433392
2025-08-07 21:01:42 IST,434670
2025-08-07 21:01:42 IST,434670
2025-08-07 21:16:44 IST,435913
2025-08-07 21:16:44 IST,435913
2025-08-07 21:31:45 IST,437188
2025-08-07 21:31:45 IST,437188
2025-08-07 22:00:22 IST,439163
2025-08-07 22:00:22 IST,439163
2025-08-07 22:15:32 IST,440280
2025-08-07 22:15:33 IST,440280
2025-08-07 22:30:36 IST,441723
2025-08-07 22:30:35 IST,441723
2025-08-07 23:46:58 IST,446700
2025-08-07 23:47:01 IST,446700
2025-08-08 01:35:33 IST,450313
2025-08-08 01:35:37 IST,450313
2025-08-08 01:50:34 IST,450667
2025-08-08 01:50:38 IST,450667
2025-08-08 02:05:36 IST,450999
2025-08-08 02:05:39 IST,450999
2025-08-08 02:20:37 IST,451300
2025-08-08 02:20:41 IST,451300
2025-08-08 09:57:57 IST,475776
2025-08-08 09:58:01 IST,475776
2025-08-08 12:00:19 IST,488727
2025-08-08 12:00:20 IST,488727
2025-08-08 12:05:42 IST,489196
2025-08-08 12:05:44 IST,489196
2025-08-08 12:20:44 IST,490484
2025-08-08 12:20:45 IST,490484
2025-08-08 12:35:46 IST,491920
2025-08-08 12:35:46 IST,491920
2025-08-08 12:50:47 IST,493201
2025-08-08 12:50:47 IST,493201
2025-08-08 13:05:48 IST,494500
2025-08-08 13:05:49 IST,494500
